﻿지하철역ID,환승전호선ID,환승전열차방면,환승후호선ID,환승후열차방면,차량번호,출입문위치
﻿1006000645,﻿1006,﻿응암,﻿1007,﻿공릉,﻿8,﻿4
﻿1003000342,﻿1003,﻿대화,﻿1077,﻿강남,﻿5,﻿4
﻿1003000342,﻿1003,﻿대화,﻿1077,﻿양재시민의 숲,﻿5,﻿4
﻿1003000342,﻿1003,﻿오금,﻿1077,﻿강남,﻿6,﻿1
﻿1003000342,﻿1003,﻿수서,﻿1077,﻿양재시민의 숲,﻿6,﻿1
﻿1003000344,﻿1003,﻿수서,﻿1075,﻿한티,﻿5,﻿4
﻿1003000344,﻿1003,﻿수서,﻿1075,﻿구룡,﻿5,﻿4
﻿1003000344,﻿1003,﻿대화,﻿1075,﻿한티,﻿6,﻿3
﻿1003000344,﻿1003,﻿대화,﻿1075,﻿구룡,﻿6,﻿3
﻿1003000349,﻿1003,﻿수서,﻿1075,﻿대모산입구,﻿8,﻿4
﻿1003000349,﻿1003,﻿수서,﻿1075,﻿복정,﻿8,﻿4
﻿1003000349,﻿1003,﻿대화,﻿1075,﻿대모산입구,﻿3,﻿1
﻿1003000349,﻿1003,﻿대화,﻿1075,﻿복정,﻿3,﻿1
﻿1003000350,﻿1003,﻿오금,﻿1008,﻿송파,﻿2,﻿1
﻿1003000350,﻿1003,﻿오금,﻿1008,﻿문정,﻿2,﻿1
﻿1003000350,﻿1003,﻿대화,﻿1008,﻿송파,﻿9,﻿4
﻿1003000350,﻿1003,﻿대화,﻿1008,﻿문정,﻿9,﻿4
﻿1003000352,﻿1003,﻿오금,﻿1005,﻿방이,﻿9,﻿4
﻿1003000352,﻿1003,﻿오금,﻿1005,﻿개롱,﻿9,﻿4
﻿1004000411,﻿1004,﻿당고개,﻿1007,﻿마들,﻿10,﻿0
﻿1004000411,﻿1004,﻿당고개,﻿1007,﻿중계,﻿10,﻿0
﻿1004000411,﻿1004,﻿오이도,﻿1007,﻿마들,﻿1,﻿0
﻿1004000411,﻿1004,﻿오이도,﻿1007,﻿중계,﻿1,﻿0
﻿1004000411,﻿1004,﻿당고개,﻿1007,﻿마들,﻿10,﻿4
﻿1004000411,﻿1004,﻿당고개,﻿1007,﻿중계,﻿10,﻿4
﻿1004000411,﻿1004,﻿오이도,﻿1007,﻿마들,﻿1,﻿1
﻿1004000411,﻿1004,﻿오이도,﻿1007,﻿중계,﻿1,﻿1
﻿1004000412,﻿1004,﻿당고개,﻿1001,﻿방학,﻿3,﻿4
﻿1004000412,﻿1004,﻿당고개,﻿1001,﻿녹천,﻿3,﻿4
﻿1004000412,﻿1004,﻿오이도,﻿1001,﻿방학,﻿8,﻿1
﻿1004000412,﻿1004,﻿오이도,﻿1001,﻿녹천,﻿8,﻿1
﻿1004000421,﻿1004,﻿오이도,﻿1001,﻿동묘앞,﻿6,﻿1
﻿1004000421,﻿1004,﻿오이도,﻿1001,﻿종로5가,﻿6,﻿1
﻿1004000421,﻿1004,﻿당고개,﻿1001,﻿동묘앞,﻿5,﻿3
﻿1004000421,﻿1004,﻿당고개,﻿1001,﻿종로5가,﻿5,﻿3
﻿1004000422,﻿1004,﻿오이도,﻿1005,﻿을지로4가,﻿2,﻿3
﻿1004000422,﻿1004,﻿오이도,﻿1005,﻿청구,﻿2,﻿3
﻿1004000422,﻿1004,﻿당고개,﻿1002,﻿신당,﻿1,﻿1
﻿1004000422,﻿1004,﻿당고개,﻿1002,﻿외선(을지로입구),﻿1,﻿1
﻿1004000422,﻿1004,﻿당고개,﻿1005,﻿을지로4가,﻿9,﻿1
﻿1004000422,﻿1004,﻿당고개,﻿1005,﻿청구,﻿9,﻿1
﻿1004000422,﻿1004,﻿오이도,﻿1002,﻿신당,﻿10,﻿4
﻿1004000422,﻿1004,﻿오이도,﻿1002,﻿외선(을지로입구),﻿10,﻿4
﻿1004000423,﻿1004,﻿오이도,﻿1003,﻿을지로3가,﻿7,﻿1
﻿1004000423,﻿1004,﻿오이도,﻿1003,﻿동대입구,﻿7,﻿1
﻿1004000423,﻿1004,﻿당고개,﻿1003,﻿을지로3가,﻿5,﻿1
﻿1004000423,﻿1004,﻿당고개,﻿1003,﻿동대입구,﻿5,﻿1
﻿1004000426,﻿1004,﻿당고개,﻿1001,﻿시청,﻿1,﻿1
﻿1004000426,﻿1004,﻿당고개,﻿1001,﻿남영,﻿1,﻿1
﻿1004000426,﻿1004,﻿오이도,﻿1001,﻿시청,﻿10,﻿4
﻿1004000426,﻿1004,﻿오이도,﻿1001,﻿남영,﻿10,﻿4
﻿1004000426,﻿1004,﻿당고개,﻿1063,﻿신촌,﻿1,﻿1
﻿1004000426,﻿1004,﻿당고개,﻿1063,﻿서울역,﻿1,﻿1
﻿1004000426,﻿1004,﻿오이도,﻿1063,﻿신촌,﻿10,﻿4
﻿1004000426,﻿1004,﻿오이도,﻿1063,﻿서울역,﻿10,﻿4
﻿1004000426,﻿1004,﻿오이도,﻿1065,﻿공덕,﻿10,﻿4
﻿1004000426,﻿1004,﻿당고개,﻿1065,﻿공덕,﻿1,﻿1
﻿1004000428,﻿1004,﻿오이도,﻿1006,﻿효창공원 앞,﻿10,﻿4
﻿1004000428,﻿1004,﻿오이도,﻿1006,﻿녹사평,﻿10,﻿4
﻿1004000428,﻿1004,﻿당고개,﻿1006,﻿효창공원 앞,﻿1,﻿1
﻿1004000428,﻿1004,﻿당고개,﻿1006,﻿녹사평,﻿1,﻿1
﻿1004000430,﻿1004,﻿당고개,﻿1063,﻿용산,﻿4,﻿2
﻿1004000430,﻿1004,﻿당고개,﻿1063,﻿서빙고,﻿4,﻿2
﻿1004000430,﻿1004,﻿오이도,﻿1063,﻿용산,﻿7,﻿2
﻿1004000430,﻿1004,﻿오이도,﻿1063,﻿서빙고,﻿7,﻿2
﻿1004000431,﻿1004,﻿당고개,﻿1009,﻿흑석,﻿8,﻿4
﻿1004000431,﻿1004,﻿당고개,﻿1009,﻿구반포,﻿8,﻿4
﻿1004000431,﻿1004,﻿오이도,﻿1009,﻿흑석,﻿2,﻿4
﻿1004000431,﻿1004,﻿오이도,﻿1009,﻿구반포,﻿2,﻿4
﻿1004000432,﻿1004,﻿당고개,﻿1007,﻿내방,﻿10,﻿4
﻿1004000432,﻿1004,﻿당고개,﻿1007,﻿남성,﻿10,﻿4
﻿1004000432,﻿1004,﻿오이도,﻿1007,﻿내방,﻿1,﻿1
﻿1004000432,﻿1004,﻿오이도,﻿1007,﻿남성,﻿1,﻿1
﻿1004000433,﻿1004,﻿오이도,﻿1002,﻿외선(방배),﻿1,﻿1
﻿1004000433,﻿1004,﻿당고개,﻿1002,﻿내선(낙성대),﻿4,﻿2
﻿1004000433,﻿1004,﻿당고개,﻿1002,﻿외선(방배),﻿10,﻿4
﻿1004000433,﻿1004,﻿오이도,﻿1002,﻿내선(낙성대),﻿7,﻿3
﻿1004000443,﻿1004,﻿당고개,﻿1001,﻿명학,﻿0,﻿0
﻿1004000443,﻿1004,﻿오이도,﻿1001,﻿군포,﻿0,﻿0
﻿1004000443,﻿1004,﻿오이도,﻿1001,﻿명학,﻿7,﻿0
﻿1004000443,﻿1004,﻿당고개,﻿1001,﻿군포,﻿2,﻿0
﻿1004000456,﻿1004,﻿오이도,﻿1071,﻿월곶,﻿8,﻿4
﻿1004000456,﻿1004,﻿오이도,﻿1071,﻿월곶,﻿4,﻿4
﻿1005000512,﻿1005,﻿방화,﻿1009,﻿공항시장,﻿7,﻿2
﻿1005000512,﻿1005,﻿방화,﻿1009,﻿개화,﻿7,﻿2
﻿1005000512,﻿1005,﻿강동,﻿1009,﻿공항시장,﻿2,﻿1
﻿1005000512,﻿1005,﻿강동,﻿1009,﻿개화,﻿2,﻿1
﻿1005000512,﻿1005,﻿방화,﻿1065,﻿디지털미디어시티,﻿7,﻿2
﻿1005000512,﻿1005,﻿방화,﻿1065,﻿계양,﻿7,﻿2
﻿1005000512,﻿1005,﻿강동,﻿1065,﻿디지털미디어시티,﻿2,﻿1
﻿1005000512,﻿1005,﻿강동,﻿1065,﻿계양,﻿2,﻿1
﻿1005000518,﻿1005,﻿방화,﻿1002,﻿내선(신정네거리),﻿1,﻿1
﻿1005000518,﻿1005,﻿방화,﻿1002,﻿신정네거리,﻿1,﻿1
﻿1005000518,﻿1005,﻿강동,﻿1002,﻿신정네거리,﻿7,﻿4
﻿1005000518,﻿1005,﻿강동,﻿1002,﻿신정네거리,﻿7,﻿4
﻿1005000523,﻿1005,﻿강동,﻿1002,﻿내선(당산),﻿2,﻿3
﻿1005000523,﻿1005,﻿강동,﻿1002,﻿외선(문래),﻿2,﻿3
﻿1005000523,﻿1005,﻿방화,﻿1002,﻿내선(당산),﻿7,﻿2
﻿1005000523,﻿1005,﻿방화,﻿1002,﻿외선(문래),﻿7,﻿2
﻿1005000525,﻿1005,﻿방화,﻿1001,﻿대방,﻿7,﻿3
﻿1005000525,﻿1005,﻿방화,﻿1001,﻿영등포,﻿7,﻿3
﻿1005000525,﻿1005,﻿강동,﻿1001,﻿대방,﻿2,﻿1
﻿1005000525,﻿1005,﻿강동,﻿1001,﻿영등포,﻿2,﻿1
﻿1005000526,﻿1005,﻿강동,﻿1009,﻿국회의사당,﻿4,﻿1
﻿1005000526,﻿1005,﻿강동,﻿1009,﻿샛강,﻿4,﻿1
﻿1005000526,﻿1005,﻿방화,﻿1009,﻿국회의사당,﻿5,﻿4
﻿1005000526,﻿1005,﻿방화,﻿1009,﻿샛강,﻿5,﻿4
﻿1005000529,﻿1005,﻿방화,﻿1006,﻿대흥,﻿1,﻿1
﻿1005000529,﻿1005,﻿방화,﻿1006,﻿효창공원 앞,﻿1,﻿1
﻿1005000529,﻿1005,﻿강동,﻿1006,﻿대흥,﻿8,﻿4
﻿1005000529,﻿1005,﻿강동,﻿1006,﻿효창공원 앞,﻿8,﻿4
﻿1005000529,﻿1005,﻿방화,﻿1065,﻿서울역,﻿1,﻿1
﻿1005000529,﻿1005,﻿방화,﻿1065,﻿홍대입구,﻿1,﻿1
﻿1005000529,﻿1005,﻿강동,﻿1065,﻿서울역,﻿8,﻿4
﻿1005000529,﻿1005,﻿강동,﻿1065,﻿홍대입구,﻿8,﻿4
﻿1005000529,﻿1005,﻿강동,﻿1063,﻿서강대,﻿8,﻿4
﻿1005000529,﻿1005,﻿방화,﻿1063,﻿서강대,﻿1,﻿1
﻿1005000531,﻿1005,﻿방화,﻿1002,﻿시청,﻿4,﻿1
﻿1005000531,﻿1005,﻿방화,﻿1002,﻿외선(아현),﻿4,﻿1
﻿1005000531,﻿1005,﻿강동,﻿1002,﻿시청,﻿5,﻿3
﻿1005000531,﻿1005,﻿강동,﻿1002,﻿외선(아현),﻿5,﻿3
﻿1002000212,﻿1002,﻿외선(성수),﻿1007,﻿어린이대공원,﻿8,﻿3
﻿1002000212,﻿1002,﻿외선(성수),﻿1007,﻿뚝섬유원지,﻿8,﻿3
﻿1002000212,﻿1002,﻿외선(성수),﻿1007,﻿뚝섬유원지,﻿3,﻿2
﻿1002000216,﻿1002,﻿내선(선릉),﻿1008,﻿몽촌토성,﻿10,﻿4
﻿1002000216,﻿1002,﻿내선(선릉),﻿1008,﻿석촌,﻿10,﻿4
﻿1002000216,﻿1002,﻿외선(건대입구),﻿1008,﻿몽촌토성,﻿1,﻿1
﻿1002000216,﻿1002,﻿외선(건대입구),﻿1008,﻿석촌,﻿1,﻿1
﻿1002000220,﻿1002,﻿내선(강남),﻿1075,﻿한티,﻿6,﻿2
﻿1002000220,﻿1002,﻿내선(강남),﻿1075,﻿선정릉,﻿5,﻿2
﻿1002000220,﻿1002,﻿외선(잠실),﻿1075,﻿한티,﻿5,﻿2
﻿1002000220,﻿1002,﻿외선(잠실),﻿1075,﻿선정릉,﻿6,﻿3
﻿1002000222,﻿1002,﻿내선(교대),﻿1077,﻿양재,﻿6,﻿3
﻿1002000222,﻿1002,﻿외선(선릉),﻿1077,﻿양재,﻿5,﻿2
﻿1002000223,﻿1002,﻿내선(사당),﻿1003,﻿고속터미널,﻿1,﻿1
﻿1002000223,﻿1002,﻿내선(사당),﻿1003,﻿남부터미널,﻿1,﻿1
﻿1002000223,﻿1002,﻿외선(강남),﻿1003,﻿고속터미널,﻿10,﻿4
﻿1002000223,﻿1002,﻿외선(강남),﻿1003,﻿남부터미널,﻿10,﻿4
﻿1002000226,﻿1002,﻿내선(대림),﻿1004,﻿총신대입구,﻿6,﻿1
﻿1002000226,﻿1002,﻿내선(대림),﻿1004,﻿남태령,﻿6,﻿1
﻿1002000226,﻿1002,﻿외선(교대),﻿1004,﻿총신대입구,﻿5,﻿3
﻿1002000226,﻿1002,﻿외선(교대),﻿1004,﻿남태령,﻿5,﻿3
﻿1002000233,﻿1002,﻿내선(신도림),﻿1007,﻿신풍,﻿7,﻿4
﻿1002000233,﻿1002,﻿내선(신도림),﻿1007,﻿남구로,﻿7,﻿4
﻿1002000233,﻿1002,﻿외선(사당),﻿1007,﻿신풍,﻿4,﻿1
﻿1002000233,﻿1002,﻿외선(사당),﻿1007,﻿남구로,﻿4,﻿1
﻿1002000234,﻿1002,﻿외선(신도림),﻿1001,﻿영등포,﻿4,﻿1
﻿1002000234,﻿1002,﻿외선(신도림),﻿1001,﻿구로,﻿4,﻿1
﻿1002000234,﻿1002,﻿외선(신도림),﻿1002,﻿내선(문래),﻿4,﻿1
﻿1002000234,﻿1002,﻿외선(신도림),﻿1002,﻿대림,﻿4,﻿1
﻿1002000234,﻿1002,﻿내선(영등포구청),﻿1001,﻿영등포,﻿2,﻿3
﻿1002000234,﻿1002,﻿내선(영등포구청),﻿1002,﻿구로,﻿2,﻿3
﻿1002000234,﻿1002,﻿내선(영등포구청),﻿1002,﻿내선(도림천),﻿6,﻿2
﻿1002000234,﻿1002,﻿외선(대림),﻿1002,﻿외선(도림천),﻿5,﻿3
﻿1002000234,﻿1002,﻿외선(대림),﻿1001,﻿영등포,﻿7,﻿3
﻿1002000234,﻿1002,﻿외선(대림),﻿1001,﻿구로,﻿7,﻿3
﻿1002000236,﻿1002,﻿내선(당산),﻿1005,﻿양평,﻿7,﻿4
﻿1002000236,﻿1002,﻿내선(당산),﻿1005,﻿영등포시장,﻿7,﻿4
﻿1002000236,﻿1002,﻿외선(신도림),﻿1005,﻿양평,﻿2,﻿3
﻿1002000236,﻿1002,﻿외선(신도림),﻿1005,﻿영등포시장,﻿2,﻿3
﻿1002000237,﻿1002,﻿내선(합정),﻿1009,﻿국회의사당,﻿3,﻿4
﻿1002000237,﻿1002,﻿내선(합정),﻿1009,﻿선유도,﻿3,﻿4
﻿1002000237,﻿1002,﻿외선(영등포구청),﻿1009,﻿국회의사당,﻿7,﻿1
﻿1002000237,﻿1002,﻿외선(영등포구청),﻿1009,﻿선유도,﻿7,﻿1
﻿1002000238,﻿1002,﻿내선(홍대입구),﻿1006,﻿망원,﻿9,﻿2
﻿1002000238,﻿1002,﻿내선(홍대입구),﻿1006,﻿상수,﻿9,﻿2
﻿1002000238,﻿1002,﻿외선(당산),﻿1006,﻿망원,﻿2,﻿2
﻿1002000238,﻿1002,﻿외선(당산),﻿1006,﻿상수,﻿2,﻿2
﻿1002000239,﻿1002,﻿내선(충정로),﻿1065,﻿공덕,﻿3,﻿3
﻿1002000239,﻿1002,﻿내선(충정로),﻿1065,﻿디지털미디어시티,﻿3,﻿3
﻿1002000239,﻿1002,﻿내선(충정로),﻿1063,﻿서강대,﻿3,﻿3
﻿1002000239,﻿1002,﻿내선(충정로),﻿1063,﻿가좌,﻿3,﻿3
﻿1002000239,﻿1002,﻿외선(합정),﻿1065,﻿공덕,﻿8,﻿2
﻿1002000239,﻿1002,﻿외선(합정),﻿1065,﻿디지털미디어시티,﻿8,﻿2
﻿1002000239,﻿1002,﻿외선(합정),﻿1063,﻿서강대,﻿8,﻿2
﻿1002000239,﻿1002,﻿외선(합정),﻿1063,﻿가좌,﻿8,﻿2
﻿1002000243,﻿1002,﻿내선(시청),﻿1005,﻿애오개,﻿7,﻿3
﻿1002000243,﻿1002,﻿내선(시청),﻿1005,﻿서대문,﻿7,﻿3
﻿1002000243,﻿1002,﻿외선(홍대입구),﻿1005,﻿애오개,﻿4,﻿2
﻿1002000243,﻿1002,﻿외선(홍대입구),﻿1005,﻿서대문,﻿4,﻿2
﻿1002002114,﻿1002,﻿외선(성수),﻿1001,﻿제기동,﻿1,﻿1
﻿1002002114,﻿1002,﻿외선(성수),﻿1001,﻿동묘앞,﻿1,﻿1
﻿1002002114,﻿1002,﻿외선(성수),﻿1001,﻿제기동,﻿1,﻿1
﻿1002002114,﻿1002,﻿외선(성수),﻿1001,﻿동묘앞,﻿1,﻿1
﻿1002002344,﻿1002,﻿내선(까치산),﻿1005,﻿화곡,﻿1,﻿1
﻿1002002344,﻿1002,﻿내선(까치산),﻿1005,﻿신정,﻿1,﻿1
﻿1003000315,﻿1003,﻿수서,﻿1063,﻿능곡,﻿7,﻿4
﻿1003000315,﻿1003,﻿수서,﻿1063,﻿곡산,﻿7,﻿4
﻿1003000315,﻿1003,﻿대화,﻿1063,﻿능곡,﻿7,﻿4
﻿1003000315,﻿1003,﻿대화,﻿1063,﻿곡산,﻿7,﻿4
﻿1003000321,﻿1003,﻿수서,﻿1006,﻿구산,﻿6,﻿3
﻿1003000321,﻿1003,﻿수서,﻿1006,﻿독바위,﻿6,﻿3
﻿1003000321,﻿1003,﻿대화,﻿1006,﻿구산,﻿5,﻿1
﻿1003000321,﻿1003,﻿대화,﻿1006,﻿독바위,﻿5,﻿1
﻿1003000322,﻿1003,﻿수서,﻿1006,﻿독바위,﻿10,﻿4
﻿1003000322,﻿1003,﻿수서,﻿1006,﻿역촌,﻿10,﻿4
﻿1003000322,﻿1003,﻿대화,﻿1006,﻿독바위,﻿1,﻿1
﻿1003000322,﻿1003,﻿대화,﻿1006,﻿역촌,﻿1,﻿1
﻿1003000329,﻿1003,﻿수서,﻿1005,﻿광화문,﻿9,﻿2
﻿1003000329,﻿1003,﻿수서,﻿1005,﻿을지로4가,﻿9,﻿2
﻿1003000329,﻿1003,﻿대화,﻿1001,﻿종로5가,﻿9,﻿1
﻿1003000329,﻿1003,﻿대화,﻿1001,﻿종각,﻿10,﻿4
﻿1003000329,﻿1003,﻿대화,﻿1005,﻿광화문,﻿2,﻿3
﻿1003000329,﻿1003,﻿대화,﻿1005,﻿을지로4가,﻿2,﻿3
﻿1003000329,﻿1003,﻿수서,﻿1001,﻿종로5가,﻿2,﻿3
﻿1003000329,﻿1003,﻿수서,﻿1001,﻿종각,﻿1,﻿1
﻿1003000330,﻿1003,﻿수서,﻿1002,﻿내선(을지로4가),﻿4,﻿4
﻿1003000330,﻿1003,﻿대화,﻿1002,﻿내선(을지로4가),﻿7,﻿1
﻿1003000330,﻿1003,﻿대화,﻿1002,﻿외선(을지로입구),﻿4,﻿2
﻿1003000330,﻿1003,﻿수서,﻿1002,﻿외선(을지로입구),﻿7,﻿2
﻿1003000331,﻿1003,﻿수서,﻿1004,﻿동대문역사문화공원,﻿8,﻿1
﻿1003000331,﻿1003,﻿수서,﻿1004,﻿명동,﻿8,﻿4
﻿1003000331,﻿1003,﻿대화,﻿1004,﻿동대문역사문화공원,﻿4,﻿4
﻿1003000331,﻿1003,﻿대화,﻿1004,﻿명동,﻿3,﻿3
﻿1003000333,﻿1003,﻿대화,﻿1006,﻿버티고개,﻿4,﻿3
﻿1003000333,﻿1003,﻿대화,﻿1006,﻿청구,﻿4,﻿3
﻿1003000333,﻿1003,﻿수서,﻿1006,﻿버티고개,﻿7,﻿1
﻿1003000333,﻿1003,﻿수서,﻿1006,﻿청구,﻿7,﻿1
﻿1003000335,﻿1003,﻿대화,﻿1063,﻿한남,﻿9,﻿4
﻿1003000335,﻿1003,﻿대화,﻿1063,﻿응봉,﻿9,﻿4
﻿1003000335,﻿1003,﻿수서,﻿1063,﻿한남,﻿1,﻿4
﻿1003000335,﻿1003,﻿수서,﻿1063,﻿응봉,﻿1,﻿4
﻿1003000339,﻿1003,﻿수서,﻿1007,﻿반포,﻿2,﻿3
﻿1003000339,﻿1003,﻿수서,﻿1007,﻿내방,﻿2,﻿3
﻿1003000339,﻿1003,﻿대화,﻿1007,﻿반포,﻿9,﻿2
﻿1003000339,﻿1003,﻿대화,﻿1007,﻿내방,﻿9,﻿2
﻿1003000339,﻿1003,﻿대화,﻿1009,﻿사평,﻿2,﻿3
﻿1003000339,﻿1003,﻿대화,﻿1009,﻿신반포,﻿2,﻿3
﻿1003000339,﻿1003,﻿수서,﻿1009,﻿사평,﻿9,﻿2
﻿1003000339,﻿1003,﻿수서,﻿1009,﻿신반포,﻿9,﻿2
﻿1003000340,﻿1003,﻿대화,﻿1002,﻿강남,﻿9,﻿3
﻿1003000340,﻿1003,﻿수서,﻿1002,﻿내선(서초),﻿8,﻿4
﻿1003000340,﻿1003,﻿수서,﻿1002,﻿강남,﻿2,﻿1
﻿1003000340,﻿1003,﻿대화,﻿1002,﻿내선(서초),﻿3,﻿2
﻿1005000534,﻿1005,﻿강동,﻿1001,﻿종로5가,﻿1,﻿1
﻿1005000534,﻿1005,﻿강동,﻿1001,﻿종각,﻿1,﻿1
﻿1005000534,﻿1005,﻿강동,﻿1003,﻿안국,﻿1,﻿1
﻿1005000534,﻿1005,﻿강동,﻿1003,﻿을지로3가,﻿1,﻿1
﻿1005000534,﻿1005,﻿방화,﻿1001,﻿종로5가,﻿8,﻿4
﻿1005000534,﻿1005,﻿방화,﻿1001,﻿종각,﻿8,﻿4
﻿1005000534,﻿1005,﻿방화,﻿1003,﻿안국,﻿8,﻿4
﻿1005000534,﻿1005,﻿방화,﻿1003,﻿을지로3가,﻿8,﻿4
﻿1005000535,﻿1005,﻿방화,﻿1002,﻿내선(동대문역사문화공원),﻿8,﻿1
﻿1005000535,﻿1005,﻿방화,﻿1002,﻿을지로3가,﻿8,﻿4
﻿1005000535,﻿1005,﻿강동,﻿1002,﻿내선(동대문역사문화공원),﻿1,﻿1
﻿1005000535,﻿1005,﻿강동,﻿1002,﻿을지로3가,﻿1,﻿4
﻿1005000536,﻿1005,﻿강동,﻿1002,﻿신당,﻿1,﻿1
﻿1005000536,﻿1005,﻿강동,﻿1002,﻿외선(을지로4가),﻿1,﻿1
﻿1005000536,﻿1005,﻿방화,﻿1002,﻿신당,﻿8,﻿4
﻿1005000536,﻿1005,﻿방화,﻿1002,﻿외선(을지로4가),﻿8,﻿4
﻿1005000536,﻿1005,﻿강동,﻿1004,﻿동대문,﻿1,﻿1
﻿1005000536,﻿1005,﻿강동,﻿1004,﻿충무로,﻿1,﻿1
﻿1005000536,﻿1005,﻿방화,﻿1004,﻿동대문,﻿8,﻿4
﻿1005000536,﻿1005,﻿방화,﻿1004,﻿충무로,﻿8,﻿4
﻿1005000537,﻿1005,﻿방화,﻿1006,﻿약수,﻿5,﻿1
﻿1005000537,﻿1005,﻿방화,﻿1006,﻿신당,﻿5,﻿1
﻿1005000537,﻿1005,﻿강동,﻿1006,﻿약수,﻿6,﻿4
﻿1005000537,﻿1005,﻿강동,﻿1006,﻿신당,﻿6,﻿4
﻿1005000540,﻿1005,﻿방화,﻿1063,﻿응봉,﻿2,﻿3
﻿1005000540,﻿1005,﻿방화,﻿1063,﻿청량리,﻿2,﻿3
﻿1005000540,﻿1005,﻿방화,﻿1002,﻿내선(한양대),﻿2,﻿3
﻿1005000540,﻿1005,﻿방화,﻿1002,﻿외선(상왕십리),﻿2,﻿3
﻿1005000540,﻿1005,﻿강동,﻿1063,﻿응봉,﻿7,﻿2
﻿1005000540,﻿1005,﻿강동,﻿1063,﻿청량리,﻿7,﻿2
﻿1005000540,﻿1005,﻿강동,﻿1002,﻿내선(한양대),﻿7,﻿2
﻿1005000540,﻿1005,﻿강동,﻿1002,﻿외선(상왕십리),﻿7,﻿2
﻿1005000540,﻿1005,﻿방화,﻿1075,﻿서울숲,﻿2,﻿3
﻿1005000540,﻿1005,﻿강동,﻿1075,﻿서울숲,﻿7,﻿2
﻿1005000544,﻿1005,﻿방화,﻿1007,﻿어린이대공원,﻿1,﻿1
﻿1005000544,﻿1005,﻿강동,﻿1007,﻿중곡,﻿1,﻿1
﻿1005000544,﻿1005,﻿방화,﻿1007,﻿중곡,﻿8,﻿4
﻿1005000544,﻿1005,﻿강동,﻿1007,﻿어린이대공원,﻿8,﻿4
﻿1005000547,﻿1005,﻿상일동,﻿1008,﻿강동구청,﻿8,﻿2
﻿1005000547,﻿1005,﻿마천,﻿1008,﻿암사,﻿8,﻿1
﻿1005000547,﻿1005,﻿방화,﻿1008,﻿강동구청,﻿1,﻿2
﻿1005000547,﻿1005,﻿방화,﻿1008,﻿암사,﻿1,﻿3
﻿1005000548,﻿1005,﻿강동,﻿1005,﻿길동,﻿8,﻿4
﻿1005000548,﻿1005,﻿강동,﻿1005,﻿둔촌동,﻿1,﻿1
﻿1005080552,﻿1005,﻿마천,﻿1003,﻿경찰병원,﻿1,﻿3
﻿1005080552,﻿1005,﻿방화,﻿1003,﻿경찰병원,﻿8,﻿2
﻿1006000612,﻿1006,﻿봉화산,﻿1003,﻿녹번,﻿7,﻿2
﻿1006000612,﻿1006,﻿봉화산,﻿1003,﻿연신내,﻿7,﻿2
﻿1006000614,﻿1006,﻿디지털미디어시티,﻿1003,﻿불광,﻿6,﻿2
﻿1006000614,﻿1006,﻿불광,﻿1003,﻿불광,﻿6,﻿2
﻿1006000614,﻿1006,﻿디지털미디어시티,﻿1003,﻿구파발,﻿6,﻿2
﻿1006000614,﻿1006,﻿불광,﻿1003,﻿구파발,﻿6,﻿2
﻿1006000618,﻿1006,﻿응암,﻿1063,﻿가좌,﻿2,﻿2
﻿1006000618,﻿1006,﻿응암,﻿1063,﻿수색,﻿2,﻿2
﻿1006000618,﻿1006,﻿봉화산,﻿1063,﻿가좌,﻿7,﻿2
﻿1006000618,﻿1006,﻿봉화산,﻿1063,﻿수색,﻿7,﻿2
﻿1006000618,﻿1006,﻿불광,﻿1065,﻿홍대입구,﻿8,﻿4
﻿1006000618,﻿1006,﻿불광,﻿1065,﻿김포공항,﻿8,﻿4
﻿1006000618,﻿1006,﻿봉화산,﻿1065,﻿홍대입구,﻿1,﻿1
﻿1006000618,﻿1006,﻿봉화산,﻿1065,﻿김포공항,﻿1,﻿1
﻿1006000622,﻿1006,﻿봉화산,﻿1002,﻿홍대입구,﻿6,﻿2
﻿1006000622,﻿1006,﻿봉화산,﻿1002,﻿외선(당산),﻿6,﻿2
﻿1006000622,﻿1006,﻿응암,﻿1002,﻿홍대입구,﻿5,﻿3
﻿1006000622,﻿1006,﻿응암,﻿1002,﻿외선(당산),﻿5,﻿3
﻿1006000626,﻿1006,﻿응암,﻿1005,﻿마포,﻿1,﻿1
﻿1006000626,﻿1006,﻿응암,﻿1005,﻿애오개,﻿1,﻿1
﻿1006000626,﻿1006,﻿봉화산,﻿1005,﻿마포,﻿8,﻿4
﻿1006000626,﻿1006,﻿봉화산,﻿1005,﻿애오개,﻿8,﻿4
﻿1006000626,﻿1006,﻿응암,﻿1065,﻿서울역,﻿1,﻿1
﻿1006000626,﻿1006,﻿응암,﻿1065,﻿홍대입구,﻿1,﻿1
﻿1006000626,﻿1006,﻿봉화산,﻿1065,﻿서울역,﻿8,﻿4
﻿1006000626,﻿1006,﻿봉화산,﻿1065,﻿홍대입구,﻿8,﻿4
﻿1006000626,﻿1006,﻿봉화산,﻿1063,﻿서강대,﻿8,﻿4
﻿1006000626,﻿1006,﻿응암,﻿1063,﻿서강대,﻿1,﻿1
﻿1006000628,﻿1006,﻿응암,﻿1004,﻿숙대입구,﻿6,﻿4
﻿1006000628,﻿1006,﻿봉화산,﻿1004,﻿신용산,﻿6,﻿4
﻿1006000628,﻿1006,﻿응암,﻿1004,﻿신용산,﻿3,﻿1
﻿1006000628,﻿1006,﻿봉화산,﻿1004,﻿숙대입구,﻿3,﻿1
﻿1006000633,﻿1006,﻿봉화산,﻿1003,﻿동대입구,﻿1,﻿1
﻿1006000633,﻿1006,﻿봉화산,﻿1003,﻿금호,﻿1,﻿1
﻿1006000633,﻿1006,﻿응암,﻿1003,﻿동대입구,﻿8,﻿4
﻿1006000633,﻿1006,﻿응암,﻿1003,﻿금호,﻿8,﻿4
﻿1006000634,﻿1006,﻿응암,﻿1005,﻿동대문역사문화공원,﻿6,﻿1
﻿1006000634,﻿1006,﻿응암,﻿1005,﻿신금호,﻿6,﻿1
﻿1006000634,﻿1006,﻿봉화산,﻿1005,﻿동대문역사문화공원,﻿6,﻿2
﻿1006000634,﻿1006,﻿봉화산,﻿1005,﻿신금호,﻿6,﻿2
﻿1006000635,﻿1006,﻿봉화산,﻿1002,﻿내선(상왕십리),﻿8,﻿4
﻿1006000635,﻿1006,﻿응암,﻿1002,﻿동대문역사문화공원,﻿1,﻿1
﻿1006000636,﻿1006,﻿봉화산,﻿1001,﻿신설동,﻿2,﻿2
﻿1006000636,﻿1006,﻿봉화산,﻿1001,﻿동대문,﻿2,﻿2
﻿1006000636,﻿1006,﻿응암,﻿1001,﻿신설동,﻿7,﻿3
﻿1006000636,﻿1006,﻿응암,﻿1001,﻿동대문,﻿7,﻿3
﻿1006000644,﻿1006,﻿봉화산,﻿1001,﻿광운대,﻿5,﻿2
﻿1006000644,﻿1006,﻿봉화산,﻿1001,﻿신이문,﻿5,﻿2
﻿1006000644,﻿1006,﻿응암,﻿1001,﻿광운대,﻿4,﻿3
﻿1006000644,﻿1006,﻿응암,﻿1001,﻿신이문,﻿4,﻿3
﻿1006000645,﻿1006,﻿봉화산,﻿1007,﻿공릉,﻿1,﻿1
﻿1006000645,﻿1006,﻿봉화산,﻿,﻿먹골,﻿1,﻿1
﻿1006000648,﻿1006,﻿신내,﻿1067,﻿망우,﻿8,﻿4
﻿1006000645,﻿1006,﻿응암,﻿1007,﻿먹골,﻿8,﻿4
﻿1007000710,﻿1007,﻿온수,﻿1001,﻿망월사,﻿8,﻿4
﻿1007000710,﻿1007,﻿온수,﻿1001,﻿도봉,﻿8,﻿4
﻿1007000710,﻿1007,﻿장암,﻿1001,﻿망월사,﻿1,﻿1
﻿1007000710,﻿1007,﻿장암,﻿1001,﻿도봉,﻿1,﻿1
﻿1007000713,﻿1007,﻿장암,﻿1004,﻿상계,﻿1,﻿1
﻿1007000713,﻿1007,﻿장암,﻿1004,﻿창동,﻿1,﻿1
﻿1007000713,﻿1007,﻿온수,﻿1004,﻿상계,﻿8,﻿4
﻿1007000713,﻿1007,﻿온수,﻿1004,﻿창동,﻿8,﻿4
﻿1007000717,﻿1007,﻿장암,﻿1006,﻿석계,﻿8,﻿3
﻿1007000717,﻿1007,﻿장암,﻿1006,﻿화랑대,﻿8,﻿3
﻿1007000717,﻿1007,﻿온수,﻿1006,﻿석계,﻿1,﻿1
﻿1007000717,﻿1007,﻿온수,﻿1006,﻿화랑대,﻿1,﻿1
﻿1007000720,﻿1007,﻿온수,﻿1063,﻿중랑,﻿3,﻿4
﻿1007000720,﻿1007,﻿온수,﻿1063,﻿망우,﻿3,﻿4
﻿1007000720,﻿1007,﻿장암,﻿1063,﻿중랑,﻿5,﻿4
﻿1007000720,﻿1007,﻿장암,﻿1063,﻿망우,﻿5,﻿4
﻿1007000720,﻿1007,﻿온수,﻿1067,﻿광운대,﻿3,﻿4
﻿1007000720,﻿1007,﻿온수,﻿1067,﻿망우,﻿3,﻿4
﻿1007000720,﻿1007,﻿장암,﻿1067,﻿광운대,﻿3,﻿4
﻿1063075120,﻿1063,﻿용산,﻿1007,﻿면목,﻿4,﻿2
﻿1007000720,﻿1007,﻿장암,﻿1067,﻿망우,﻿3,﻿4
﻿1007000727,﻿1007,﻿온수,﻿1002,﻿내선(구의),﻿1,﻿1
﻿1007000727,﻿1007,﻿온수,﻿1002,﻿외선(성수),﻿1,﻿1
﻿1007000727,﻿1007,﻿장암,﻿1002,﻿내선(구의),﻿8,﻿4
﻿1007000727,﻿1007,﻿장암,﻿1002,﻿외선(성수),﻿8,﻿4
﻿1007000730,﻿1007,﻿장암,﻿1075,﻿압구정로데오,﻿4,﻿3
﻿1007000730,﻿1007,﻿부평구청,﻿1075,﻿압구정로데오,﻿4,﻿3
﻿1007000730,﻿1007,﻿장암,﻿1075,﻿선정릉,﻿4,﻿3
﻿1007000730,﻿1007,﻿부평구청,﻿1075,﻿선정릉,﻿4,﻿3
﻿1007000734,﻿1007,﻿온수,﻿1003,﻿잠원,﻿7,﻿1
﻿1007000734,﻿1007,﻿온수,﻿1003,﻿교대,﻿7,﻿1
﻿1007000734,﻿1007,﻿장암,﻿1003,﻿잠원,﻿2,﻿3
﻿1007000734,﻿1007,﻿장암,﻿1003,﻿교대,﻿2,﻿3
﻿1007000734,﻿1007,﻿장암,﻿1009,﻿사평,﻿2,﻿3
﻿1007000734,﻿1007,﻿장암,﻿1009,﻿신반포,﻿2,﻿3
﻿1007000734,﻿1007,﻿온수,﻿1009,﻿사평,﻿7,﻿1
﻿1007000734,﻿1007,﻿온수,﻿1009,﻿신반포,﻿7,﻿1
﻿1007000736,﻿1007,﻿장암,﻿1004,﻿동작,﻿2,﻿2
﻿1007000736,﻿1007,﻿장암,﻿1004,﻿사당,﻿2,﻿2
﻿1007000736,﻿1007,﻿온수,﻿1004,﻿동작,﻿8,﻿4
﻿1007000736,﻿1007,﻿온수,﻿1004,﻿사당,﻿8,﻿4
﻿1007000744,﻿1007,﻿장암,﻿1002,﻿신도림,﻿8,﻿4
﻿1007000744,﻿1007,﻿장암,﻿1002,﻿외선(구로디지털단지),﻿8,﻿4
﻿1007000744,﻿1007,﻿온수,﻿1002,﻿신도림,﻿1,﻿1
﻿1007000744,﻿1007,﻿온수,﻿1002,﻿외선(구로디지털단지),﻿1,﻿1
﻿1007000746,﻿1007,﻿온수,﻿1001,﻿구로,﻿5,﻿2
﻿1007000746,﻿1007,﻿온수,﻿1001,﻿독산,﻿5,﻿2
﻿1007000746,﻿1007,﻿장암,﻿1001,﻿구로,﻿4,﻿3
﻿1007000746,﻿1007,﻿장암,﻿1001,﻿독산,﻿4,﻿3
﻿1007000750,﻿1007,﻿부평구청,﻿1001,﻿오류동,﻿8,﻿4
﻿1007000750,﻿1007,﻿부평구청,﻿1001,﻿역곡,﻿8,﻿4
﻿1007000750,﻿1007,﻿장암,﻿1001,﻿오류동,﻿1,﻿1
﻿1007000750,﻿1007,﻿장암,﻿1001,﻿역곡,﻿1,﻿1
﻿1007000759,﻿1007,﻿부평,﻿1069,﻿갈산,﻿5,﻿1
﻿1007000759,﻿1007,﻿부평,﻿1069,﻿부평시장,﻿2,﻿1
﻿1008000811,﻿1008,﻿암사,﻿1005,﻿광나루,﻿1,﻿3
﻿1008000811,﻿1008,﻿암사,﻿1005,﻿강동,﻿2,﻿2
﻿1008000811,﻿1008,﻿모란,﻿1005,﻿광나루,﻿6,﻿1
﻿1008000811,﻿1008,﻿모란,﻿1005,﻿강동,﻿5,﻿2
﻿1008000814,﻿1008,﻿암사,﻿1002,﻿내선(신천),﻿6,﻿4
﻿1008000814,﻿1008,﻿암사,﻿1002,﻿외선(잠실나루),﻿6,﻿4
﻿1008000814,﻿1008,﻿모란,﻿1002,﻿내선(신천),﻿1,﻿1
﻿1008000814,﻿1008,﻿모란,﻿1002,﻿외선(잠실나루),﻿1,﻿1
﻿1008000817,﻿1008,﻿모란,﻿1003,﻿수서,﻿1,﻿1
﻿1008000817,﻿1008,﻿모란,﻿1003,﻿경찰병원,﻿1,﻿1
﻿1008000817,﻿1008,﻿암사,﻿1003,﻿수서,﻿6,﻿4
﻿1008000817,﻿1008,﻿암사,﻿1003,﻿경찰병원,﻿6,﻿4
﻿1008000820,﻿1008,﻿암사,﻿1075,﻿수서,﻿4,﻿2
﻿1008000820,﻿1008,﻿암사,﻿1075,﻿가천대,﻿4,﻿2
﻿1008000820,﻿1008,﻿모란,﻿1075,﻿수서,﻿3,﻿2
﻿1008000820,﻿1008,﻿모란,﻿1075,﻿가천대,﻿3,﻿2
﻿1008000826,﻿1008,﻿모란,﻿1075,﻿태평,﻿1,﻿1
﻿1008000826,﻿1008,﻿모란,﻿1075,﻿야탑,﻿1,﻿1
﻿1009000902,﻿1009,﻿개화,﻿1065,﻿디지털미디어시티,﻿2,﻿4
﻿1009000902,﻿1009,﻿개화,﻿1065,﻿계양,﻿0,﻿0
﻿1009000902,﻿1009,﻿신논현,﻿1065,﻿디지털미디어시티,﻿0,﻿0
﻿1009000902,﻿1009,﻿신논현,﻿1065,﻿계양,﻿3,﻿1
﻿1009000902,﻿1009,﻿개화,﻿1005,﻿개화산,﻿2,﻿4
﻿1009000902,﻿1009,﻿개화,﻿1005,﻿송정,﻿2,﻿4
﻿1009000902,﻿1009,﻿신논현,﻿1005,﻿개화산,﻿4,﻿4
﻿1009000902,﻿1009,﻿신논현,﻿1005,﻿송정,﻿4,﻿4
﻿1009000913,﻿1009,﻿신논현,﻿1002,﻿내선(합정),﻿4,﻿4
﻿1009000913,﻿1009,﻿신논현,﻿1002,﻿외선(영등포구청),﻿4,﻿4
﻿1009000913,﻿1009,﻿개화,﻿1002,﻿내선(합정),﻿1,﻿1
﻿1009000913,﻿1009,﻿개화,﻿1002,﻿외선(영등포구청),﻿1,﻿1
﻿1009000915,﻿1009,﻿신논현,﻿1005,﻿여의나루,﻿3,﻿3
﻿1009000915,﻿1009,﻿신논현,﻿1005,﻿신길,﻿3,﻿3
﻿1009000915,﻿1009,﻿개화,﻿1005,﻿여의나루,﻿2,﻿4
﻿1009000915,﻿1009,﻿개화,﻿1005,﻿신길,﻿2,﻿4
﻿1009000917,﻿1009,﻿개화,﻿1001,﻿용산,﻿2,﻿1
﻿1009000917,﻿1009,﻿개화,﻿1001,﻿대방,﻿2,﻿1
﻿1009000917,﻿1009,﻿신논현,﻿1001,﻿용산,﻿1,﻿3
﻿1009000917,﻿1009,﻿신논현,﻿1001,﻿대방,﻿1,﻿3
﻿1009000920,﻿1009,﻿신논현,﻿1004,﻿이촌,﻿1,﻿1
﻿1009000920,﻿1009,﻿신논현,﻿1004,﻿총신대입구(이수),﻿1,﻿1
﻿1009000920,﻿1009,﻿개화,﻿1004,﻿이촌,﻿4,﻿4
﻿1009000920,﻿1009,﻿개화,﻿1004,﻿총신대입구(이수),﻿4,﻿4
﻿1009000923,﻿1009,﻿신논현,﻿1003,﻿잠원,﻿1,﻿4
﻿1009000923,﻿1009,﻿신논현,﻿1003,﻿교대,﻿1,﻿4
﻿1009000923,﻿1009,﻿개화,﻿1003,﻿잠원,﻿4,﻿1
﻿1009000923,﻿1009,﻿개화,﻿1003,﻿교대,﻿4,﻿1
﻿1009000923,﻿1009,﻿신논현,﻿1007,﻿반포,﻿1,﻿4
﻿1009000923,﻿1009,﻿신논현,﻿1007,﻿내방,﻿1,﻿4
﻿1009000923,﻿1009,﻿개화,﻿1007,﻿반포,﻿4,﻿1
﻿1009000923,﻿1009,﻿개화,﻿1007,﻿내방,﻿4,﻿1
﻿1063075110,﻿1063,﻿용산,﻿1001,﻿남영,﻿1,﻿4
﻿1063075110,﻿1063,﻿용산,﻿1001,﻿노량진,﻿1,﻿4
﻿1063075111,﻿1063,﻿용산,﻿1004,﻿신용산,﻿4,﻿3
﻿1063075111,﻿1063,﻿용산,﻿1004,﻿동작,﻿4,﻿3
﻿1063075111,﻿1063,﻿용문,﻿1004,﻿신용산,﻿5,﻿2
﻿1063075111,﻿1063,﻿용문,﻿1004,﻿동작,﻿5,﻿2
﻿1063075114,﻿1063,﻿용산,﻿1003,﻿금호,﻿5,﻿1
﻿1063075114,﻿1063,﻿용산,﻿1003,﻿압구정,﻿5,﻿1
﻿1063075114,﻿1063,﻿용문,﻿1003,﻿금호,﻿4,﻿4
﻿1063075114,﻿1063,﻿용문,﻿1003,﻿압구정,﻿4,﻿4
﻿1063075116,﻿1063,﻿용산,﻿1002,﻿내선(한양대),﻿8,﻿2
﻿1063075116,﻿1063,﻿용산,﻿1002,﻿외선(상왕십리),﻿8,﻿2
﻿1063075116,﻿1063,﻿용문,﻿1005,﻿행당,﻿7,﻿1
﻿1063075116,﻿1063,﻿용문,﻿1005,﻿마장,﻿7,﻿1
﻿1063075116,﻿1063,﻿용문,﻿1002,﻿내선(한양대),﻿7,﻿1
﻿1063075116,﻿1063,﻿용문,﻿1002,﻿외선(상왕십리),﻿7,﻿1
﻿1063075116,﻿1063,﻿용산,﻿1005,﻿행당,﻿8,﻿2
﻿1063075116,﻿1063,﻿용산,﻿1005,﻿마장,﻿8,﻿2
﻿1063075116,﻿1063,﻿용문,﻿1075,﻿서울숲,﻿7,﻿1
﻿1063075116,﻿1063,﻿용산,﻿1075,﻿서울숲,﻿8,﻿2
﻿1063075117,﻿1063,﻿용문,﻿1001,﻿회기,﻿8,﻿4
﻿1063075117,﻿1063,﻿용문,﻿1001,﻿제기동,﻿8,﻿4
﻿1063075117,﻿1063,﻿용산,﻿1001,﻿회기,﻿1,﻿1
﻿1063075117,﻿1063,﻿용산,﻿1001,﻿제기동,﻿1,﻿1
﻿1063075118,﻿1063,﻿용문,﻿1001,﻿외대앞,﻿6,﻿2
﻿1063075118,﻿1063,﻿용문,﻿1001,﻿청량리,﻿6,﻿2
﻿1063075118,﻿1063,﻿용산,﻿1001,﻿외대앞,﻿3,﻿3
﻿1063075118,﻿1063,﻿용산,﻿1001,﻿청량리,﻿3,﻿3
﻿1063075118,﻿1063,﻿용문,﻿1001,﻿외대앞,﻿6,﻿2
﻿1063075118,﻿1063,﻿용문,﻿1001,﻿청량리,﻿6,﻿2
﻿1063075120,﻿1063,﻿용산,﻿1067,﻿망우,﻿4,﻿2
﻿1063075120,﻿1063,﻿용문,﻿1067,﻿광운대,﻿6,﻿2
﻿1063075120,﻿1063,﻿용문,﻿1067,﻿망우,﻿6,﻿2
﻿1063075120,﻿1063,﻿용문,﻿1007,﻿중화,﻿6,﻿2
﻿1063075120,﻿1063,﻿용문,﻿1007,﻿면목,﻿6,﻿2
﻿1063075120,﻿1063,﻿용산,﻿1007,﻿중화,﻿4,﻿2
﻿1001000113,﻿1001,﻿소요산,﻿1007,﻿장암,﻿2,﻿1
﻿1001000113,﻿1001,﻿소요산,﻿1007,﻿수락산,﻿2,﻿1
﻿1001000113,﻿1001,﻿인천,﻿1007,﻿장암,﻿9,﻿3
﻿1001000113,﻿1001,﻿인천,﻿1007,﻿수락산,﻿9,﻿3
﻿1001000116,﻿1001,﻿소요산,﻿1004,﻿노원,﻿1,﻿4
﻿1001000116,﻿1001,﻿소요산,﻿1004,﻿쌍문,﻿1,﻿4
﻿1001000116,﻿1001,﻿인천,﻿1004,﻿노원,﻿10,﻿3
﻿1001000116,﻿1001,﻿소요산,﻿1004,﻿쌍문,﻿10,﻿3
﻿1001000120,﻿1001,﻿인천,﻿1006,﻿돌곶이,﻿1,﻿1
﻿1001000120,﻿1001,﻿인천,﻿1006,﻿태릉입구,﻿1,﻿1
﻿1001000120,﻿1001,﻿소요산,﻿1006,﻿돌곶이,﻿10,﻿4
﻿1001000120,﻿1001,﻿소요산,﻿1006,﻿태릉입구,﻿10,﻿4
﻿1001000123,﻿1001,﻿인천,﻿1063,﻿청량리,﻿4,﻿3
﻿1001000123,﻿1001,﻿인천,﻿1063,﻿중랑,﻿4,﻿3
﻿1001000123,﻿1001,﻿소요산,﻿1063,﻿청량리,﻿7,﻿2
﻿1001000123,﻿1001,﻿소요산,﻿1063,﻿중랑,﻿7,﻿2
﻿1001000124,﻿1001,﻿소요산,﻿1063,﻿왕십리,﻿1,﻿1
﻿1001000124,﻿1001,﻿소요산,﻿1063,﻿회기,﻿1,﻿1
﻿1001000124,﻿1001,﻿인천,﻿1063,﻿왕십리,﻿10,﻿4
﻿1001000124,﻿1001,﻿인천,﻿1063,﻿회기,﻿10,﻿4
﻿1001000126,﻿1001,﻿인천,﻿1002,﻿내선(용두),﻿2,﻿1
﻿1001000126,﻿1001,﻿소요산,﻿1002,﻿내선(용두),﻿9,﻿4
﻿1001000127,﻿1001,﻿인천,﻿1006,﻿신당,﻿2,﻿3
﻿1001000127,﻿1001,﻿인천,﻿1006,﻿창신,﻿2,﻿3
﻿1001000127,﻿1001,﻿소요산,﻿1006,﻿신당,﻿7,﻿1
﻿1001000127,﻿1001,﻿소요산,﻿1006,﻿창신,﻿7,﻿1
﻿1001000128,﻿1001,﻿소요산,﻿1004,﻿혜화,﻿9,﻿3
﻿1001000128,﻿1001,﻿소요산,﻿1004,﻿동대문역사문화공원,﻿9,﻿3
﻿1001000128,﻿1001,﻿인천,﻿1004,﻿혜화,﻿1,﻿3
﻿1001000128,﻿1001,﻿인천,﻿1004,﻿동대문역사문화공원,﻿1,﻿3
﻿1001000130,﻿1001,﻿소요산,﻿1005,﻿광화문,﻿6,﻿1
﻿1001000130,﻿1001,﻿인천,﻿1005,﻿을지로4가,﻿6,﻿1
﻿1001000130,﻿1001,﻿소요산,﻿1005,﻿광화문,﻿6,﻿1
﻿1001000130,﻿1001,﻿인천,﻿1005,﻿을지로4가,﻿6,﻿1
﻿1001000132,﻿1001,﻿소요산,﻿1002,﻿내선(을지로입구),﻿10,﻿4
﻿1001000132,﻿1001,﻿소요산,﻿1002,﻿외선(충정로),﻿10,﻿4
﻿1001000132,﻿1001,﻿인천,﻿1002,﻿내선(을지로입구),﻿1,﻿1
﻿1001000132,﻿1001,﻿인천,﻿1002,﻿외선(충정로),﻿1,﻿1
﻿1001000133,﻿1001,﻿소요산,﻿1063,﻿신촌,﻿10,﻿4
﻿1001000133,﻿1001,﻿천안,﻿1063,﻿신촌,﻿1,﻿2
﻿1001000133,﻿1001,﻿인천,﻿1004,﻿회현,﻿1,﻿2
﻿1001000133,﻿1001,﻿인천,﻿1004,﻿숙대입구,﻿1,﻿2
﻿1001000133,﻿1001,﻿소요산,﻿1004,﻿회현,﻿10,﻿4
﻿1001000133,﻿1001,﻿소요산,﻿1004,﻿숙대입구,﻿10,﻿4
﻿1001000133,﻿1001,﻿인천,﻿1065,﻿공덕,﻿1,﻿2
﻿1001000133,﻿1001,﻿소요산,﻿1065,﻿공덕,﻿10,﻿4
﻿1001000135,﻿1001,﻿인천,﻿1063,﻿이촌,﻿1,﻿1
﻿1001000135,﻿1001,﻿소요산,﻿1063,﻿이촌,﻿6,﻿2
﻿1001000136,﻿1001,﻿소요산,﻿1009,﻿샛강,﻿1,﻿1
﻿1001000136,﻿1001,﻿소요산,﻿1009,﻿노들,﻿1,﻿1
﻿1001000136,﻿1001,﻿인천,﻿1009,﻿샛강,﻿10,﻿4
﻿1001000136,﻿1001,﻿인천,﻿1009,﻿노들,﻿10,﻿4
﻿1001000138,﻿1001,﻿인천,﻿1005,﻿영등포시장,﻿2,﻿4
﻿1001000138,﻿1001,﻿인천,﻿1005,﻿여의도,﻿2,﻿4
﻿1001000138,﻿1001,﻿소요산,﻿1005,﻿영등포시장,﻿9,﻿1
﻿1001000138,﻿1001,﻿소요산,﻿1005,﻿여의도,﻿9,﻿1
﻿1001000140,﻿1001,﻿인천,﻿1002,﻿내선(도림천),﻿2,﻿3
﻿1001000140,﻿1001,﻿인천,﻿1002,﻿외선(도림천),﻿2,﻿3
﻿1001000140,﻿1001,﻿소요산,﻿1002,﻿내선(도림천),﻿4,﻿4
﻿1001000140,﻿1001,﻿소요산,﻿1002,﻿외선(도림천),﻿4,﻿4
﻿1001000141,﻿1001,﻿인천,﻿1001,﻿구일,﻿1,﻿1
﻿1001000141,﻿1001,﻿신창,﻿1001,﻿가산디지털단지,﻿10,﻿4
﻿1001000141,﻿1001,﻿신창,﻿1001,﻿구일,﻿10,﻿4
﻿1001000141,﻿1001,﻿소요산,﻿1001,﻿신도림,﻿1,﻿1
﻿1001000145,﻿1001,﻿인천,﻿1007,﻿천왕,﻿1,﻿1
﻿1001000145,﻿1001,﻿인천,﻿1007,﻿까치울,﻿1,﻿1
﻿1001000145,﻿1001,﻿장암,﻿1007,﻿천왕,﻿10,﻿4
﻿1001000145,﻿1001,﻿장암,﻿1007,﻿까치울,﻿10,﻿4
﻿1001000152,﻿1001,﻿소요산,﻿1069,﻿부평시장,﻿5,﻿4
﻿1001000152,﻿1001,﻿인천,﻿1069,﻿동수,﻿5,﻿4
﻿1001080142,﻿1001,﻿신창,﻿1007,﻿남구로,﻿1,﻿2
﻿1001080142,﻿1001,﻿신창,﻿1007,﻿철산,﻿1,﻿2
﻿1001080142,﻿1001,﻿소요산,﻿1007,﻿남구로,﻿10,﻿3
﻿1001080142,﻿1001,﻿소요산,﻿1007,﻿철산,﻿10,﻿3
﻿1001080155,﻿1001,﻿신창,﻿1075,﻿매교,﻿1,﻿4
﻿1001080155,﻿1001,﻿청량리,﻿1075,﻿매교,﻿5,﻿2
﻿1002000201,﻿1002,﻿내선(을지로3가),﻿1001,﻿종각,﻿1,﻿1
﻿1002000201,﻿1002,﻿내선(을지로3가),﻿1001,﻿서울역,﻿1,﻿1
﻿1006000645,﻿1006,﻿봉화산,﻿1001,﻿신내,﻿5,﻿4
﻿1002000201,﻿1002,﻿외선(충정로),﻿1001,﻿종각,﻿10,﻿4
﻿1002000201,﻿1002,﻿외선(충정로),﻿1001,﻿서울역,﻿10,﻿4
﻿1002000203,﻿1002,﻿내선(을지로4가),﻿1003,﻿종로3가,﻿1,﻿1
﻿1002000203,﻿1002,﻿내선(을지로4가),﻿1003,﻿충무로,﻿1,﻿1
﻿1002000203,﻿1002,﻿외선(시청),﻿1003,﻿종로3가,﻿10,﻿4
﻿1002000203,﻿1002,﻿외선(시청),﻿1003,﻿충무로,﻿10,﻿4
﻿1002000204,﻿1002,﻿내선(을지로4가),﻿1005,﻿종로3가,﻿4,﻿3
﻿1002000204,﻿1002,﻿내선(을지로4가),﻿1005,﻿동대문역사문화공원,﻿4,﻿3
﻿1002000204,﻿1002,﻿외선(시청),﻿1005,﻿종로3가,﻿7,﻿2
﻿1002000204,﻿1002,﻿외선(시청),﻿1005,﻿동대문역사문화공원,﻿7,﻿2
﻿1002000205,﻿1002,﻿내선(신당),﻿1005,﻿을지로4가,﻿6,﻿3
﻿1002000205,﻿1002,﻿내선(신당),﻿1005,﻿청구,﻿6,﻿3
﻿1002000205,﻿1002,﻿내선(신당),﻿1004,﻿동대문,﻿9,﻿1
﻿1002000205,﻿1002,﻿내선(신당),﻿1004,﻿충무로,﻿9,﻿1
﻿1002000205,﻿1002,﻿외선(을지로4가),﻿1005,﻿을지로4가,﻿5,﻿2
﻿1002000205,﻿1002,﻿외선(을지로4가),﻿1005,﻿청구,﻿5,﻿2
﻿1002000205,﻿1002,﻿외선(을지로4가),﻿1004,﻿동대문,﻿2,﻿4
﻿1002000205,﻿1002,﻿외선(을지로4가),﻿1004,﻿충무로,﻿2,﻿4
﻿1002000206,﻿1002,﻿내선(왕십리),﻿1006,﻿청구,﻿10,﻿4
﻿1002000206,﻿1002,﻿내선(왕십리),﻿1006,﻿동묘앞,﻿10,﻿4
﻿1002000206,﻿1002,﻿외선(동대문역사문화공원),﻿1006,﻿청구,﻿1,﻿1
﻿1002000206,﻿1002,﻿외선(동대문역사문화공원),﻿1006,﻿동묘앞,﻿1,﻿1
﻿1002000208,﻿1002,﻿내선(성수),﻿1063,﻿응봉,﻿3,﻿1
﻿1002000208,﻿1002,﻿외선(신당),﻿1063,﻿청량리,﻿3,﻿1
﻿1002000208,﻿1002,﻿외선(신당),﻿1005,﻿행당,﻿6,﻿1
﻿1002000208,﻿1002,﻿외선(신당),﻿1005,﻿마장,﻿6,﻿1
﻿1002000208,﻿1002,﻿외선(신당),﻿1075,﻿서울숲,﻿3,﻿1
﻿1002000208,﻿1002,﻿외선(신당),﻿1005,﻿행당,﻿5,﻿4
﻿1002000208,﻿1002,﻿외선(신당),﻿1005,﻿마장,﻿5,﻿4
﻿1002000208,﻿1002,﻿외선(신당),﻿1063,﻿응봉,﻿8,﻿2
﻿1002000208,﻿1002,﻿외선(신당),﻿1063,﻿청량리,﻿8,﻿2
﻿1002000208,﻿1002,﻿외선(신당),﻿1075,﻿서울숲,﻿8,﻿2
﻿1002000211,﻿1002,﻿외선(성수),﻿1002,﻿외선(뚝섬),﻿0,﻿0
﻿1002000211,﻿1002,﻿외선(성수),﻿1002,﻿내선(건대입구),﻿4,﻿4
﻿1002000211,﻿1002,﻿내선(건대입구),﻿1002,﻿외선(용답),﻿10,﻿4
﻿1002000211,﻿1002,﻿외선(왕십리),﻿1002,﻿외선(용답),﻿0,﻿0
﻿1002000212,﻿1002,﻿내선(잠실),﻿1007,﻿어린이대공원,﻿3,﻿2
﻿1075075221,﻿1075,﻿수원,﻿1003,﻿가락시장,﻿1,﻿1
﻿1075075221,﻿1075,﻿왕십리,﻿1003,﻿일원,﻿6,﻿4
﻿1075075221,﻿1075,﻿왕십리,﻿1003,﻿가락시장,﻿6,﻿4
﻿1075075222,﻿1075,﻿왕십리,﻿1008,﻿장지,﻿1,﻿1
﻿1075075222,﻿1075,﻿왕십리,﻿1008,﻿산성,﻿1,﻿1
﻿1075075222,﻿1075,﻿수원,﻿1008,﻿장지,﻿1,﻿2
﻿1075075222,﻿1075,﻿수원,﻿1008,﻿산성,﻿1,﻿2
﻿1075075225,﻿1075,﻿수원,﻿1008,﻿수진,﻿8,﻿4
﻿1075075225,﻿1075,﻿왕십리,﻿1008,﻿수진,﻿1,﻿1
﻿1075075245,﻿1075,﻿수원,﻿1001,﻿화서,﻿2,﻿3
﻿1075075245,﻿1075,﻿수원,﻿1001,﻿세류,﻿2,﻿3
﻿1077000687,﻿1077,﻿강남,﻿1002,﻿내선(교대),﻿1,﻿1
﻿1077000687,﻿1077,﻿강남,﻿1002,﻿외선(역삼),﻿1,﻿1
﻿1077000688,﻿1077,﻿강남,﻿1003,﻿남부터미널,﻿1,﻿1
﻿1077000688,﻿1077,﻿강남,﻿1003,﻿도곡,﻿1,﻿1
﻿1077000688,﻿1077,﻿정자,﻿1003,﻿남부터미널,﻿6,﻿4
﻿1077000688,﻿1077,﻿정자,﻿1003,﻿도곡,﻿6,﻿4
﻿1077006812,﻿1077,﻿정자,﻿1075,﻿수내,﻿2,﻿1
﻿1077006812,﻿1077,﻿정자,﻿1075,﻿미금,﻿2,﻿1
﻿1009000927,﻿1009,﻿개화,﻿1075,﻿강남구청,﻿3,﻿4
﻿1009000927,﻿1009,﻿개화,﻿1075,﻿선릉,﻿3,﻿4
﻿1009000927,﻿1009,﻿종합운동장,﻿1075,﻿강남구청,﻿2,﻿1
﻿1009000927,﻿1009,﻿종합운동장,﻿1075,﻿선릉,﻿2,﻿1
﻿1075075214,﻿1075,﻿왕십리,﻿1009,﻿언주,﻿6,﻿4
﻿1075075214,﻿1075,﻿왕십리,﻿1009,﻿삼성중앙,﻿6,﻿4
﻿1075075214,﻿1075,﻿수원,﻿1009,﻿언주,﻿2,﻿4
﻿1075075214,﻿1075,﻿수원,﻿1009,﻿삼성중앙,﻿2,﻿4
﻿1009000930,﻿1009,﻿개화,﻿1002,﻿외선(건대입구),﻿3,﻿4
﻿1009000930,﻿1009,﻿개화,﻿1002,﻿내선(선릉),﻿3,﻿4
﻿1002000218,﻿1002,﻿내선(선릉),﻿1009,﻿개화,﻿9,﻿1
﻿1002000218,﻿1002,﻿외선(건대입구),﻿1009,﻿개화,﻿3,﻿1
﻿1063075121,﻿1063,﻿용문,﻿1067,﻿신내,﻿4,﻿4
﻿1063075121,﻿1063,﻿용산,﻿1067,﻿상봉,﻿5,﻿1
﻿1063075121,﻿1063,﻿용산,﻿1067,﻿신내,﻿5,﻿1
﻿1063075312,﻿1063,﻿문산,﻿1005,﻿애오개,﻿8,﻿4
﻿1063075312,﻿1063,﻿문산,﻿1005,﻿마포,﻿8,﻿4
﻿1063075312,﻿1063,﻿문산,﻿1006,﻿대흥,﻿8,﻿4
﻿1063075312,﻿1063,﻿문산,﻿1006,﻿효창공원앞,﻿8,﻿4
﻿1063075312,﻿1063,﻿문산,﻿1065,﻿홍대입구,﻿8,﻿4
﻿1063075312,﻿1063,﻿문산,﻿1065,﻿서울역,﻿8,﻿4
﻿1063075314,﻿1063,﻿공덕,﻿1002,﻿내선(신촌),﻿1,﻿1
﻿1063075314,﻿1063,﻿공덕,﻿1002,﻿외선(합정),﻿1,﻿1
﻿1063075314,﻿1063,﻿문산,﻿1002,﻿내선(신촌),﻿8,﻿4
﻿1063075314,﻿1063,﻿문산,﻿1002,﻿외선(합정),﻿8,﻿4
﻿1063075314,﻿1063,﻿공덕,﻿1065,﻿디지털미디어시티,﻿1,﻿1
﻿1063075314,﻿1063,﻿공덕,﻿1065,﻿공덕,﻿1,﻿1
﻿1063075314,﻿1063,﻿문산,﻿1065,﻿디지털미디어시티,﻿8,﻿4
﻿1063075314,﻿1063,﻿문산,﻿1065,﻿공덕,﻿8,﻿4
﻿1063075315,﻿1063,﻿문산,﻿1063,﻿홍대입구,﻿6,﻿1
﻿1063075315,﻿1063,﻿문산,﻿1063,﻿신촌,﻿6,﻿1
﻿1063075316,﻿1063,﻿서울역,﻿1006,﻿증산,﻿8,﻿4
﻿1063075316,﻿1063,﻿서울역,﻿1006,﻿월드컵경기장,﻿8,﻿4
﻿1063075316,﻿1063,﻿문산,﻿1006,﻿증산,﻿1,﻿1
﻿1063075316,﻿1063,﻿문산,﻿1006,﻿월드컵경기장,﻿1,﻿1
﻿1063075316,﻿1063,﻿서울역,﻿1065,﻿김포공항,﻿0,﻿0
﻿1063075316,﻿1063,﻿서울역,﻿1065,﻿홍대입구,﻿0,﻿0
﻿1063075316,﻿1063,﻿문산,﻿1065,﻿김포공항,﻿0,﻿0
﻿1063075316,﻿1063,﻿문산,﻿1065,﻿홍대입구,﻿0,﻿0
﻿1063075322,﻿1063,﻿문산,﻿1003,﻿백석,﻿4,﻿1
﻿1063075322,﻿1063,﻿문산,﻿1003,﻿화정,﻿4,﻿1
﻿1063075322,﻿1063,﻿서울역,﻿1003,﻿백석,﻿5,﻿3
﻿1063075322,﻿1063,﻿서울역,﻿1003,﻿화정,﻿5,﻿3
﻿1063080313,﻿1063,﻿서울역,﻿1001,﻿시청,﻿8,﻿4
﻿1063080313,﻿1063,﻿서울역,﻿1001,﻿남영,﻿8,﻿4
﻿1063080313,﻿1063,﻿서울역,﻿1004,﻿회현,﻿8,﻿4
﻿1063080313,﻿1063,﻿서울역,﻿1004,﻿숙대입구,﻿8,﻿4
﻿1065006501,﻿1065,﻿서울역,﻿1001,﻿남영,﻿5,﻿1
﻿1065006501,﻿1065,﻿서울역,﻿1001,﻿시청,﻿5,﻿1
﻿1065006501,﻿1065,﻿서울역,﻿1004,﻿회현,﻿5,﻿1
﻿1065006501,﻿1065,﻿서울역,﻿1004,﻿숙대입구,﻿5,﻿1
﻿1065006502,﻿1065,﻿인천국제공항,﻿1005,﻿애오개,﻿1,﻿4
﻿1065006502,﻿1065,﻿인천국제공항,﻿1005,﻿마포,﻿1,﻿4
﻿1065006502,﻿1065,﻿서울역,﻿1005,﻿애오개,﻿6,﻿1
﻿1065006502,﻿1065,﻿서울역,﻿1005,﻿마포,﻿6,﻿1
﻿1065006502,﻿1065,﻿인천국제공항,﻿1006,﻿대흥,﻿1,﻿4
﻿1065006502,﻿1065,﻿인천국제공항,﻿1006,﻿효창공원앞,﻿1,﻿4
﻿1065006502,﻿1065,﻿서울역,﻿1006,﻿대흥,﻿6,﻿1
﻿1065006502,﻿1065,﻿서울역,﻿1006,﻿효창공원앞,﻿6,﻿1
﻿1065006502,﻿1065,﻿인천국제공항,﻿1063,﻿서강대,﻿1,﻿4
﻿1065006503,﻿1065,﻿서울역,﻿1002,﻿내선(신촌),﻿5,﻿3
﻿1065006503,﻿1065,﻿서울역,﻿1002,﻿외선(합정),﻿5,﻿3
﻿1065006503,﻿1065,﻿인천국제공항,﻿1002,﻿내선(신촌),﻿2,﻿2
﻿1065006503,﻿1065,﻿인천국제공항,﻿1002,﻿외선(합정),﻿2,﻿2
﻿1065006503,﻿1065,﻿인천국제공항,﻿1063,﻿가좌,﻿2,﻿2
﻿1065006503,﻿1065,﻿인천국제공항,﻿1063,﻿서강대,﻿2,﻿2
﻿1065006503,﻿1065,﻿서울역,﻿1063,﻿가좌,﻿5,﻿3
﻿1065006503,﻿1065,﻿서울역,﻿1063,﻿서강대,﻿5,﻿3
﻿1065006504,﻿1065,﻿인천국제공항,﻿1006,﻿증산,﻿6,﻿4
﻿1065006504,﻿1065,﻿인천국제공항,﻿1006,﻿월드컵경기장,﻿6,﻿4
﻿1065006504,﻿1065,﻿서울역,﻿1006,﻿증산,﻿2,﻿4
﻿1065006504,﻿1065,﻿서울역,﻿1006,﻿월드컵경기장,﻿2,﻿4
﻿1065006504,﻿1065,﻿인천국제공항,﻿1063,﻿수색,﻿6,﻿4
﻿1065006504,﻿1065,﻿인천국제공항,﻿1063,﻿가좌,﻿6,﻿4
﻿1065006504,﻿1065,﻿서울역,﻿1063,﻿수색,﻿2,﻿4
﻿1065006504,﻿1065,﻿서울역,﻿1063,﻿가좌,﻿2,﻿4
﻿1065006505,﻿1065,﻿인천국제공항,﻿1005,﻿개화산,﻿3,﻿4
﻿1065006505,﻿1065,﻿인천국제공항,﻿1005,﻿송정,﻿3,﻿4
﻿1065006505,﻿1065,﻿서울역,﻿1005,﻿개화산,﻿4,﻿1
﻿1065006505,﻿1065,﻿서울역,﻿1009,﻿개화,﻿6,﻿4
﻿1065006505,﻿1065,﻿서울역,﻿1009,﻿공항시장,﻿6,﻿4
﻿1065006505,﻿1065,﻿서울역,﻿1009,﻿개화,﻿2,﻿2
﻿1065006505,﻿1065,﻿서울역,﻿1009,﻿공항시장,﻿2,﻿2
﻿1065006505,﻿1065,﻿서울역,﻿1005,﻿송정,﻿6,﻿4
﻿1065006506,﻿1065,﻿인천국제공항,﻿1069,﻿귤현,﻿2,﻿1
﻿1065006506,﻿1065,﻿인천국제공항,﻿1069,﻿귤현,﻿5,﻿4
﻿1067080120,﻿1067,﻿상봉,﻿1007,﻿중화,﻿4,﻿4
﻿1067080120,﻿1067,﻿춘천,﻿1007,﻿면목,﻿4,﻿4
﻿1067080120,﻿1067,﻿상봉,﻿1063,﻿중랑,﻿4,﻿4
﻿1067080120,﻿1067,﻿춘천,﻿1063,﻿망우,﻿4,﻿4
﻿1067080121,﻿1067,﻿상봉,﻿1063,﻿상봉,﻿3,﻿4
﻿1067080121,﻿1067,﻿상봉,﻿1063,﻿양원,﻿3,﻿4
﻿1067080121,﻿1067,﻿춘천,﻿1063,﻿양원,﻿6,﻿1
﻿1069073110,﻿1069,﻿계양,﻿1065,﻿검암,﻿3,﻿3
﻿1069073110,﻿1069,﻿계양,﻿1065,﻿김포공항,﻿3,﻿3
﻿1069073118,﻿1069,﻿국제업무지구,﻿1007,﻿굴포천,﻿1,﻿1
﻿1069073118,﻿1069,﻿계양,﻿1007,﻿굴포천,﻿8,﻿4
﻿1069073120,﻿1069,﻿국제업무지구,﻿1001,﻿부개,﻿4,﻿4
﻿1069073120,﻿1069,﻿국제업무지구,﻿1001,﻿백운,﻿4,﻿4
﻿1069073120,﻿1069,﻿계양,﻿1001,﻿부개,﻿5,﻿1
﻿1069073120,﻿1069,﻿계양,﻿1001,﻿백운,﻿5,﻿1
﻿1069073130,﻿1069,﻿국제업무지구,﻿1071,﻿연수,﻿7,﻿2
﻿1069073130,﻿1069,﻿국제업무지구,﻿1071,﻿남동인더스파크,﻿7,﻿2
﻿1069073130,﻿1069,﻿계양,﻿1071,﻿연수,﻿2,﻿3
﻿1069073130,﻿1069,﻿계양,﻿1071,﻿남동인더스파크,﻿2,﻿3
﻿1071075251,﻿1071,﻿오이도,﻿1004,﻿정왕,﻿3,﻿1
﻿1071075251,﻿1071,﻿오이도,﻿1004,﻿정왕,﻿3,﻿1
﻿1071075257,﻿1071,﻿오이도,﻿1069,﻿신연수,﻿2,﻿2
﻿1071075257,﻿1071,﻿오이도,﻿1069,﻿동춘,﻿2,﻿2
﻿1071075257,﻿1071,﻿송도,﻿1069,﻿신연수,﻿5,﻿3
﻿1071075257,﻿1071,﻿송도,﻿1069,﻿동춘,﻿5,﻿3
﻿1075075210,﻿1075,﻿왕십리,﻿1005,﻿행당,﻿1,﻿1
﻿1075075210,﻿1075,﻿왕십리,﻿1005,﻿마장,﻿1,﻿1
﻿1075075210,﻿1075,﻿왕십리,﻿1002,﻿내선(한양대),﻿1,﻿1
﻿1075075210,﻿1075,﻿왕십리,﻿1002,﻿외선(상왕십리),﻿1,﻿1
﻿1075075210,﻿1075,﻿왕십리,﻿1063,﻿청량리,﻿3,﻿4
﻿1075075210,﻿1075,﻿왕십리,﻿1063,﻿응봉,﻿3,﻿4
﻿1075075213,﻿1075,﻿수원,﻿1007,﻿청담,﻿4,﻿1
﻿1075075213,﻿1075,﻿수원,﻿1007,﻿학동,﻿4,﻿1
﻿1075075213,﻿1075,﻿왕십리,﻿1007,﻿청담,﻿3,﻿4
﻿1075075213,﻿1075,﻿왕십리,﻿1007,﻿학동,﻿3,﻿4
﻿1075075215,﻿1075,﻿왕십리,﻿1002,﻿외선(삼성),﻿6,﻿3
﻿1075075215,﻿1075,﻿왕십리,﻿1002,﻿내선(역삼),﻿5,﻿1
﻿1075075215,﻿1075,﻿수원,﻿1002,﻿외선(삼성),﻿1,﻿2
﻿1075075215,﻿1075,﻿수원,﻿1002,﻿내선(역삼),﻿2,﻿3
﻿1075075217,﻿1075,﻿수원,﻿1003,﻿매봉,﻿5,﻿1
﻿1075075217,﻿1075,﻿왕십리,﻿1003,﻿매봉,﻿6,﻿2
﻿1075075217,﻿1075,﻿수원,﻿1003,﻿대치,﻿6,﻿4
﻿1075075217,﻿1075,﻿왕십리,﻿1003,﻿대치,﻿4,﻿3
﻿1075075221,﻿1075,﻿수원,﻿1003,﻿일원,﻿1,﻿1
